N_MODEL,HIDDEN_SIZE,N_LAYERS,DIRECTIONS,RECALL,PRECISION,F1,RECALL_WO_O,PRECISION_WO_O,F1_WO_O
model_1,500,1,1,0.8384083464757977,0.827662839322587,0.8159488610268005,0.36575178997613367,0.5568919358552314,0.38137833040153174
model_2,500,2,1,0.8248210602935825,0.798029407559874,0.8085651898795897,0.3568019093078759,0.39899408738162745,0.3659256045001414
model_3,500,3,1,0.8012859395851025,0.7876933988201742,0.7888266409138122,0.3723150357995227,0.3162987461932153,0.3164628954778261
model_4,500,1,2,0.8748028630353026,0.863826765961086,0.8669177212178989,0.551909307875895,0.5580569656505708,0.5434365719933616
model_5,500,2,2,0.8528448380444014,0.8857887541509465,0.8601320386451649,0.6640811455847255,0.5288452949489882,0.5572948055918057
model_6,500,3,2,0.8322212786606817,0.8778430600187044,0.8451668651159876,0.6730310262529833,0.47363617976253936,0.5371750071716827
model_7,800,1,2,0.8763799587528812,0.8714851364464774,0.8659398213827092,0.5483293556085919,0.6159144041223503,0.5433767930698803
model_8,800,2,2,0.8646123983986412,0.8873434792007562,0.8710786923533244,0.6652744630071599,0.5641249668244972,0.593673221212964
model_9,800,3,2,0.8399854421933762,0.8841471549927141,0.8520048155295676,0.6748210023866349,0.5233090388185839,0.5589150603427732
